Test Type,Mean,Median,Standard Deviation,Minimum,Maximum
1,318.76295822438396,291.0003030495533,107.12253617463831,68.00007081570317,840.5008753029193
2,337.64112832063233,326.500340019516,76.82987605771574,224.5002337959612,700.0007289851798
3,277.68888567818726,277.5002889905534,84.17371227201214,47.000048946147786,565.0005883951808
4,294.6191186993989,280.5002921147756,88.32316983517265,45.500047384036684,733.5007638723276
