Mean,Median,Standard Deviation,Minimum,Maximum
306.3492398973424,293.5003056530718,92.43967381085004,45.500047384036684,840.5008753029193
