Subject,Run,Mean,Median,Standard Deviation,Minimum,Maximum
Jul_13,1,334.4828483325505,315.0003280433309,78.84921618509365,214.00022286118352,655.5006826425505
Jul_13,2,289.1300308315697,278.5002900319608,51.33701062024777,204.5002129678132,465.00048425444083
