Subject,Mean,Median,Standard Deviation,Minimum,Maximum
Jul_13,312.6899360268844,297.00030929799766,70.77821910760167,204.5002129678132,655.5006826425505
