Mean,Median,Standard Deviation,Minimum,Maximum
389.04915094152466,373.11125005362555,97.06712910230948,202.86329998634756,698.6811999231577
