Mean,Median,Standard Deviation,Minimum,Maximum
387.57857416414777,370.83439994603395,97.68478659321244,202.86329998634756,698.6811999231577
