Test Type,Mean,Median,Standard Deviation,Minimum,Maximum,Normality
1,416.508479834171,405.5569000001924,94.9660729063163,206.93920040503144,698.3304000459611,No
2,403.5154244538269,389.91209981031716,96.50601115206646,205.12339984998107,696.9979000277817,No
3,364.5842515446623,344.75754998857155,94.35484926321601,202.86329998634756,698.6811999231577,No
4,368.51798768961004,351.25209998932405,94.76146052580116,203.15980003215373,693.1309000356123,No

Heterotopic over homotopic ratio
1.1175538947729258
