Mean,Median,Standard Deviation,Minimum,Maximum
363.1560606768773,347.50036188907137,102.0735267334548,200.50020880174873,698.0007269023649
