Test Type,Mean,Median,Standard Deviation,Minimum,Maximum,Normality
1,387.4758480582867,376.50039208988596,104.1117013560539,201.50020984359102,691.0007196125131,No
2,358.87588062933105,342.50035668203435,93.60075149838622,200.50020880218364,695.5007242988464,No
3,343.94970763376983,321.7503350728308,98.57981438151968,200.50020880218364,692.0007206539206,No
4,335.7694239348551,307.0003197120717,107.7742797821499,200.50020880174873,698.0007269023649,No

Heterotopic over homotopic ratio
1.0965271878310074
