Mean,Median,Standard Deviation,Minimum,Maximum
357.7585885344737,338.50035251640475,102.72712000178547,200.50020880174873,698.0007269023649
